<ImportExportXml version="9.2.23074.224" SolutionPackageVersion="9.2" languagecode="1033" generatedBy="CrmLive" xmlns:xsi="http://www.w3.org/2001/XMLSchema-instance">
  <SolutionManifest>
    <UniqueName>SharingContent</UniqueName>
    <LocalizedNames>
      <LocalizedName description="Sharing Content" languagecode="1033" />
    </LocalizedNames>
    <Descriptions />
    <Version>1.0.0.5</Version>
    <Managed>0</Managed>
    <Publisher>
      <UniqueName>Shaheer</UniqueName>
      <LocalizedNames>
        <LocalizedName description="Shaheer Ahmad" languagecode="1033" />
      </LocalizedNames>
      <Descriptions />
      <EMailAddress>shaheer.ashraf@live.com</EMailAddress>
      <SupportingWebsiteUrl xsi:nil="true"></SupportingWebsiteUrl>
      <CustomizationPrefix>sa</CustomizationPrefix>
      <CustomizationOptionValuePrefix>12638</CustomizationOptionValuePrefix>
      <Addresses>
        <Address>
          <AddressNumber>1</AddressNumber>
          <AddressTypeCode>1</AddressTypeCode>
          <City>Faisalabad</City>
          <County xsi:nil="true"></County>
          <Country>Pakistan</Country>
          <Fax xsi:nil="true"></Fax>
          <FreightTermsCode xsi:nil="true"></FreightTermsCode>
          <ImportSequenceNumber xsi:nil="true"></ImportSequenceNumber>
          <Latitude xsi:nil="true"></Latitude>
          <Line1>67-A, Ghalib City</Line1>
          <Line2 xsi:nil="true"></Line2>
          <Line3 xsi:nil="true"></Line3>
          <Longitude xsi:nil="true"></Longitude>
          <Name xsi:nil="true"></Name>
          <PostalCode>38000</PostalCode>
          <PostOfficeBox xsi:nil="true"></PostOfficeBox>
          <PrimaryContactName xsi:nil="true"></PrimaryContactName>
          <ShippingMethodCode>1</ShippingMethodCode>
          <StateOrProvince>punjab</StateOrProvince>
          <Telephone1>+923041977660</Telephone1>
          <Telephone2 xsi:nil="true"></Telephone2>
          <Telephone3 xsi:nil="true"></Telephone3>
          <TimeZoneRuleVersionNumber xsi:nil="true"></TimeZoneRuleVersionNumber>
          <UPSZone xsi:nil="true"></UPSZone>
          <UTCOffset xsi:nil="true"></UTCOffset>
          <UTCConversionTimeZoneCode xsi:nil="true"></UTCConversionTimeZoneCode>
        </Address>
        <Address>
          <AddressNumber>2</AddressNumber>
          <AddressTypeCode>1</AddressTypeCode>
          <City xsi:nil="true"></City>
          <County xsi:nil="true"></County>
          <Country xsi:nil="true"></Country>
          <Fax xsi:nil="true"></Fax>
          <FreightTermsCode xsi:nil="true"></FreightTermsCode>
          <ImportSequenceNumber xsi:nil="true"></ImportSequenceNumber>
          <Latitude xsi:nil="true"></Latitude>
          <Line1 xsi:nil="true"></Line1>
          <Line2 xsi:nil="true"></Line2>
          <Line3 xsi:nil="true"></Line3>
          <Longitude xsi:nil="true"></Longitude>
          <Name xsi:nil="true"></Name>
          <PostalCode xsi:nil="true"></PostalCode>
          <PostOfficeBox xsi:nil="true"></PostOfficeBox>
          <PrimaryContactName xsi:nil="true"></PrimaryContactName>
          <ShippingMethodCode>1</ShippingMethodCode>
          <StateOrProvince xsi:nil="true"></StateOrProvince>
          <Telephone1 xsi:nil="true"></Telephone1>
          <Telephone2 xsi:nil="true"></Telephone2>
          <Telephone3 xsi:nil="true"></Telephone3>
          <TimeZoneRuleVersionNumber xsi:nil="true"></TimeZoneRuleVersionNumber>
          <UPSZone xsi:nil="true"></UPSZone>
          <UTCOffset xsi:nil="true"></UTCOffset>
          <UTCConversionTimeZoneCode xsi:nil="true"></UTCConversionTimeZoneCode>
        </Address>
      </Addresses>
    </Publisher>
    <RootComponents>
      <RootComponent type="1" schemaName="sa_configurations" behavior="0" />
      <RootComponent type="61" schemaName="sa_aboutme" behavior="0" />
      <RootComponent type="62" schemaName="sa_SharingContent" behavior="0" />
      <RootComponent type="80" schemaName="sa_SharingContent" behavior="0" />
      <RootComponent type="300" schemaName="sa_configurations_21d4f" behavior="0" />
      <RootComponent type="300" schemaName="sa_sharingcontent_3a43b" behavior="0" />
      <RootComponent type="431" schemaName="sa_configurations sa_icon" behavior="0" />
      <RootComponent type="432" schemaName="sa_configurations" behavior="0" />
    </RootComponents>
    <MissingDependencies>
      <MissingDependency>
        <Required type="61" schemaName="AppCommon/ControlWS/CalendarShare/CopyLink.svg" displayName="AppCommon/ControlWS/CalendarShare/CopyLink.svg" solution="msdynce_AppCommonPatch (9.0.1904.4006)">
          <package>msdynce_AppCommonAnchor (9.0.23074.10001)</package>
        </Required>
        <Dependent type="80" schemaName="sa_SharingContent" displayName="Sharing Content" />
      </MissingDependency>
      <MissingDependency>
        <Required type="61" schemaName="msdyncrm_/KnowledgeSearch/Favorite.svg" displayName="msdyncrm_/KnowledgeSearch/Favorite.svg" solution="msdynce_KnowledgeManagementFeatures (9.0.23071.5024)" />
        <Dependent type="62" schemaName="sa_SharingContent" />
      </MissingDependency>
    </MissingDependencies>
  </SolutionManifest>
</ImportExportXml>